animal,scale,age,sex,weight
sheep,452.8568421,3,1,18
sheep,385.4545455,3,1,15
sheep,421.1572581,5,1,19
sheep,488.6071429,6,1,21
sheep,382.7954545,9,1,25
sheep,455.4201183,12,0,40
sheep,300.149712,14,1,44
sheep,333.765079,15,1,47
sheep,238.058366,25,1,67
sheep,613.831386,26,1,66
sheep,560.0201681,31,1,69
sheep,348.230435,38,1,72
sheep,498.6515397,45,1,77
sheep,454.3460282,45,1,76
sheep,452.8568421,48,1,80